incident_id,risk,n_attempts,n_devices,n_ips,n_bins,observed_at_decision,forecast_remaining_p50,forecast_remaining_p90,forecast_exposure_p50_inr,forecast_exposure_p90_inr,forecast_uncertain,true_remaining_attempts,true_remaining_exposure_inr,genuine,action,oracle_action,option_costs,oracle_option_costs,t_start
INC-000,0.0938,1,1,1,1,1,617.5,882.0,45075.17,64384.9,False,0,0.0,False,monitor,monitor,"{'monitor': 397.22, 'rate_limit': 661.22, 'step_up': 2040.71, 'hold_review': 6457.02}","{'monitor': 0.0, 'rate_limit': 482.47, 'step_up': 1981.13, 'hold_review': 6445.1}",83.87
INC-001,0.094,1,1,1,1,1,511.6,877.8,37343.75,64080.6,False,0,0.0,False,monitor,monitor,"{'monitor': 329.39, 'rate_limit': 630.62, 'step_up': 2030.2, 'hold_review': 6453.86}","{'monitor': 0.0, 'rate_limit': 482.4, 'step_up': 1980.79, 'hold_review': 6443.98}",96.51
INC-002,0.0965,1,1,1,1,1,507.5,875.0,37046.75,63874.45,False,0,0.0,False,monitor,monitor,"{'monitor': 345.03, 'rate_limit': 636.68, 'step_up': 2028.13, 'hold_review': 6439.6}","{'monitor': 0.0, 'rate_limit': 481.42, 'step_up': 1976.38, 'hold_review': 6429.25}",141.14
INC-003,0.0938,1,1,1,1,1,617.5,882.0,45075.17,64384.9,False,0,0.0,False,monitor,monitor,"{'monitor': 397.17, 'rate_limit': 661.21, 'step_up': 2040.73, 'hold_review': 6457.08}","{'monitor': 0.0, 'rate_limit': 482.48, 'step_up': 1981.15, 'hold_review': 6445.17}",182.41
INC-004,0.094,1,1,1,1,1,511.6,877.8,37343.75,64080.6,False,0,0.0,False,monitor,monitor,"{'monitor': 329.49, 'rate_limit': 630.66, 'step_up': 2030.16, 'hold_review': 6453.68}","{'monitor': 0.0, 'rate_limit': 482.39, 'step_up': 1980.74, 'hold_review': 6443.8}",221.53
INC-005,0.0971,1,1,1,1,1,507.5,875.0,37046.75,63874.45,False,0,0.0,False,monitor,monitor,"{'monitor': 347.33, 'rate_limit': 637.46, 'step_up': 2027.32, 'hold_review': 6435.81}","{'monitor': 0.0, 'rate_limit': 481.16, 'step_up': 1975.22, 'hold_review': 6425.39}",285.97
INC-006,0.094,1,1,1,1,1,511.6,877.8,37343.75,64080.6,False,0,0.0,False,monitor,monitor,"{'monitor': 329.5, 'rate_limit': 630.66, 'step_up': 2030.16, 'hold_review': 6453.66}","{'monitor': 0.0, 'rate_limit': 482.39, 'step_up': 1980.73, 'hold_review': 6443.78}",322.21
INC-007,0.0971,1,1,1,1,1,507.5,875.0,37046.75,63874.45,False,0,0.0,False,monitor,monitor,"{'monitor': 347.33, 'rate_limit': 637.46, 'step_up': 2027.32, 'hold_review': 6435.82}","{'monitor': 0.0, 'rate_limit': 481.16, 'step_up': 1975.22, 'hold_review': 6425.4}",476.33
INC-008,0.0938,1,1,1,1,1,531.9,883.4,38831.45,64488.85,False,0,0.0,False,monitor,monitor,"{'monitor': 342.49, 'rate_limit': 636.59, 'step_up': 2032.48, 'hold_review': 6455.28}","{'monitor': 0.0, 'rate_limit': 482.47, 'step_up': 1981.1, 'hold_review': 6445.01}",639.34
INC-009,0.094,1,1,1,1,1,511.6,877.8,37343.75,64080.6,False,0,0.0,False,monitor,monitor,"{'monitor': 329.51, 'rate_limit': 630.66, 'step_up': 2030.16, 'hold_review': 6453.66}","{'monitor': 0.0, 'rate_limit': 482.38, 'step_up': 1980.73, 'hold_review': 6443.77}",1142.38
INC-010,1.0,395,60,60,60,12,300.5,548.5,21939.73,40041.33,False,399,29127.0,True,hold_review,hold_review,"{'monitor': 21973.0, 'rate_limit': 10007.85, 'step_up': 3645.95, 'hold_review': 1667.19}","{'monitor': 29127.0, 'rate_limit': 13227.15, 'step_up': 4719.05, 'hold_review': 1881.81}",1201.4
INC-011,0.0962,1,1,1,1,1,511.6,877.8,37343.75,64080.6,False,0,0.0,False,monitor,monitor,"{'monitor': 343.95, 'rate_limit': 636.32, 'step_up': 2028.51, 'hold_review': 6441.38}","{'monitor': 0.0, 'rate_limit': 481.54, 'step_up': 1976.92, 'hold_review': 6431.06}",1569.39
INC-012,0.094,1,1,1,1,1,511.6,877.8,37343.75,64080.6,False,0,0.0,False,monitor,monitor,"{'monitor': 329.53, 'rate_limit': 630.67, 'step_up': 2030.15, 'hold_review': 6453.63}","{'monitor': 0.0, 'rate_limit': 482.38, 'step_up': 1980.72, 'hold_review': 6443.74}",1974.01
INC-013,0.0982,1,1,1,1,1,507.5,875.0,37046.75,63874.45,False,0,0.0,False,monitor,monitor,"{'monitor': 358.26, 'rate_limit': 641.95, 'step_up': 2027.06, 'hold_review': 6429.83}","{'monitor': 0.0, 'rate_limit': 480.74, 'step_up': 1973.33, 'hold_review': 6419.08}",2303.9
INC-014,0.0942,1,1,1,1,1,511.6,877.8,37343.75,64080.6,False,0,0.0,False,monitor,monitor,"{'monitor': 330.04, 'rate_limit': 630.84, 'step_up': 2029.97, 'hold_review': 6452.77}","{'monitor': 0.0, 'rate_limit': 482.32, 'step_up': 1980.46, 'hold_review': 6442.87}",3960.46
INC-015,0.0938,1,1,1,1,1,617.5,882.0,45075.17,64384.9,False,0,0.0,False,monitor,monitor,"{'monitor': 397.14, 'rate_limit': 661.19, 'step_up': 2040.74, 'hold_review': 6457.13}","{'monitor': 0.0, 'rate_limit': 482.48, 'step_up': 1981.16, 'hold_review': 6445.21}",5197.24
INC-016,0.0955,1,1,1,1,1,511.6,877.8,37343.75,64080.6,False,0,0.0,False,monitor,monitor,"{'monitor': 341.7, 'rate_limit': 635.55, 'step_up': 2029.31, 'hold_review': 6445.09}","{'monitor': 0.0, 'rate_limit': 481.79, 'step_up': 1978.05, 'hold_review': 6434.84}",10355.35
INC-017,0.0986,1,1,1,1,1,507.5,875.0,37046.75,63874.45,False,0,0.0,False,monitor,monitor,"{'monitor': 359.76, 'rate_limit': 642.47, 'step_up': 2026.55, 'hold_review': 6427.4}","{'monitor': 0.0, 'rate_limit': 480.57, 'step_up': 1972.58, 'hold_review': 6416.61}",14038.1
